--------------------------------------------------------
--  File created - Saturday-July-22-2017   
--------------------------------------------------------
--------------------------------------------------------
--  DDL for Table TEACHER_LIST
--------------------------------------------------------

  CREATE TABLE "RTEST"."TEACHER_LIST" 
   (	"TEACHER_NAME" VARCHAR2(50 BYTE), 
	"TEACHER_CODE" VARCHAR2(10 BYTE)
   ) SEGMENT CREATION IMMEDIATE 
  PCTFREE 10 PCTUSED 40 INITRANS 1 MAXTRANS 255 NOCOMPRESS LOGGING
  STORAGE(INITIAL 65536 NEXT 1048576 MINEXTENTS 1 MAXEXTENTS 2147483645
  PCTINCREASE 0 FREELISTS 1 FREELIST GROUPS 1 BUFFER_POOL DEFAULT FLASH_CACHE DEFAULT CELL_FLASH_CACHE DEFAULT)
  TABLESPACE "USERS" ;
--------------------------------------------------------
--  DDL for Table ROOM_LIST
--------------------------------------------------------

  CREATE TABLE "RTEST"."ROOM_LIST" 
   (	"ROOM_NO" VARCHAR2(10 BYTE), 
	"ATTRIBUTE" VARCHAR2(20 BYTE)
   ) SEGMENT CREATION IMMEDIATE 
  PCTFREE 10 PCTUSED 40 INITRANS 1 MAXTRANS 255 NOCOMPRESS LOGGING
  STORAGE(INITIAL 65536 NEXT 1048576 MINEXTENTS 1 MAXEXTENTS 2147483645
  PCTINCREASE 0 FREELISTS 1 FREELIST GROUPS 1 BUFFER_POOL DEFAULT FLASH_CACHE DEFAULT CELL_FLASH_CACHE DEFAULT)
  TABLESPACE "USERS" ;
--------------------------------------------------------
--  DDL for Table LAB_GROUPS
--------------------------------------------------------

  CREATE TABLE "RTEST"."LAB_GROUPS" 
   (	"BATCH" VARCHAR2(10 BYTE), 
	"BATCH_GROUP" VARCHAR2(10 BYTE)
   ) SEGMENT CREATION IMMEDIATE 
  PCTFREE 10 PCTUSED 40 INITRANS 1 MAXTRANS 255 NOCOMPRESS LOGGING
  STORAGE(INITIAL 65536 NEXT 1048576 MINEXTENTS 1 MAXEXTENTS 2147483645
  PCTINCREASE 0 FREELISTS 1 FREELIST GROUPS 1 BUFFER_POOL DEFAULT FLASH_CACHE DEFAULT CELL_FLASH_CACHE DEFAULT)
  TABLESPACE "USERS" ;
--------------------------------------------------------
--  DDL for Table CLASS_LIST
--------------------------------------------------------

  CREATE TABLE "RTEST"."CLASS_LIST" 
   (	"TRIMISTER" VARCHAR2(20 BYTE), 
	"DAY" VARCHAR2(10 BYTE), 
	"COURSE_SHORT" VARCHAR2(25 BYTE), 
	"COURSE_CODE" VARCHAR2(10 BYTE), 
	"ROOM_NO" VARCHAR2(10 BYTE), 
	"TEACHER_CODE" VARCHAR2(10 BYTE), 
	"BATCH" VARCHAR2(10 BYTE), 
	"CLASS_TIME_SLOT" VARCHAR2(20 BYTE)
   ) SEGMENT CREATION IMMEDIATE 
  PCTFREE 10 PCTUSED 40 INITRANS 1 MAXTRANS 255 NOCOMPRESS LOGGING
  STORAGE(INITIAL 65536 NEXT 1048576 MINEXTENTS 1 MAXEXTENTS 2147483645
  PCTINCREASE 0 FREELISTS 1 FREELIST GROUPS 1 BUFFER_POOL DEFAULT FLASH_CACHE DEFAULT CELL_FLASH_CACHE DEFAULT)
  TABLESPACE "USERS" ;
--------------------------------------------------------
--  DDL for Table CLASS_TIME_SLOTS
--------------------------------------------------------

  CREATE TABLE "RTEST"."CLASS_TIME_SLOTS" 
   (	"CLASS_TIME_SLOT" VARCHAR2(20 BYTE)
   ) SEGMENT CREATION IMMEDIATE 
  PCTFREE 10 PCTUSED 40 INITRANS 1 MAXTRANS 255 NOCOMPRESS LOGGING
  STORAGE(INITIAL 65536 NEXT 1048576 MINEXTENTS 1 MAXEXTENTS 2147483645
  PCTINCREASE 0 FREELISTS 1 FREELIST GROUPS 1 BUFFER_POOL DEFAULT FLASH_CACHE DEFAULT CELL_FLASH_CACHE DEFAULT)
  TABLESPACE "USERS" ;
--------------------------------------------------------
--  DDL for Table DAY_LIST
--------------------------------------------------------

  CREATE TABLE "RTEST"."DAY_LIST" 
   (	"DAY" VARCHAR2(10 BYTE)
   ) SEGMENT CREATION IMMEDIATE 
  PCTFREE 10 PCTUSED 40 INITRANS 1 MAXTRANS 255 NOCOMPRESS LOGGING
  STORAGE(INITIAL 65536 NEXT 1048576 MINEXTENTS 1 MAXEXTENTS 2147483645
  PCTINCREASE 0 FREELISTS 1 FREELIST GROUPS 1 BUFFER_POOL DEFAULT FLASH_CACHE DEFAULT CELL_FLASH_CACHE DEFAULT)
  TABLESPACE "USERS" ;
--------------------------------------------------------
--  DDL for Table COURSE_LIST
--------------------------------------------------------

  CREATE TABLE "RTEST"."COURSE_LIST" 
   (	"COURSE_TITLE" VARCHAR2(50 BYTE), 
	"COURSE_SHORT" VARCHAR2(25 BYTE), 
	"COURSE_CODE" VARCHAR2(10 BYTE)
   ) SEGMENT CREATION IMMEDIATE 
  PCTFREE 10 PCTUSED 40 INITRANS 1 MAXTRANS 255 NOCOMPRESS LOGGING
  STORAGE(INITIAL 65536 NEXT 1048576 MINEXTENTS 1 MAXEXTENTS 2147483645
  PCTINCREASE 0 FREELISTS 1 FREELIST GROUPS 1 BUFFER_POOL DEFAULT FLASH_CACHE DEFAULT CELL_FLASH_CACHE DEFAULT)
  TABLESPACE "USERS" ;
--------------------------------------------------------
--  DDL for Table BATCH_LIST
--------------------------------------------------------

  CREATE TABLE "RTEST"."BATCH_LIST" 
   (	"BATCH" VARCHAR2(10 BYTE)
   ) SEGMENT CREATION IMMEDIATE 
  PCTFREE 10 PCTUSED 40 INITRANS 1 MAXTRANS 255 NOCOMPRESS LOGGING
  STORAGE(INITIAL 65536 NEXT 1048576 MINEXTENTS 1 MAXEXTENTS 2147483645
  PCTINCREASE 0 FREELISTS 1 FREELIST GROUPS 1 BUFFER_POOL DEFAULT FLASH_CACHE DEFAULT CELL_FLASH_CACHE DEFAULT)
  TABLESPACE "USERS" ;
--------------------------------------------------------
--  DDL for Table LAB_TIME_SLOTS
--------------------------------------------------------

  CREATE TABLE "RTEST"."LAB_TIME_SLOTS" 
   (	"LAB_TIME_SLOT" VARCHAR2(20 BYTE)
   ) SEGMENT CREATION IMMEDIATE 
  PCTFREE 10 PCTUSED 40 INITRANS 1 MAXTRANS 255 NOCOMPRESS LOGGING
  STORAGE(INITIAL 65536 NEXT 1048576 MINEXTENTS 1 MAXEXTENTS 2147483645
  PCTINCREASE 0 FREELISTS 1 FREELIST GROUPS 1 BUFFER_POOL DEFAULT FLASH_CACHE DEFAULT CELL_FLASH_CACHE DEFAULT)
  TABLESPACE "USERS" ;
REM INSERTING into RTEST.TEACHER_LIST
SET DEFINE OFF;
Insert into RTEST.TEACHER_LIST (TEACHER_NAME,TEACHER_CODE) values ('Ahmed Abdal Shafi Rasel','AASR');
Insert into RTEST.TEACHER_LIST (TEACHER_NAME,TEACHER_CODE) values ('Adnan Ferdous Ashrafi','AFA');
Insert into RTEST.TEACHER_LIST (TEACHER_NAME,TEACHER_CODE) values ('Aiasha Siddika','AS');
Insert into RTEST.TEACHER_LIST (TEACHER_NAME,TEACHER_CODE) values ('Prof. Dr. Mohammad Hanif Ali','HA Sir');
Insert into RTEST.TEACHER_LIST (TEACHER_NAME,TEACHER_CODE) values ('Israt Jahan Mouri','IJM');
Insert into RTEST.TEACHER_LIST (TEACHER_NAME,TEACHER_CODE) values ('Dr. Kamruddin Md. Nur','KMN');
Insert into RTEST.TEACHER_LIST (TEACHER_NAME,TEACHER_CODE) values ('Mahfida Amjad Dipa','MAD');
Insert into RTEST.TEACHER_LIST (TEACHER_NAME,TEACHER_CODE) values ('Maliha Mahbub','MM');
Insert into RTEST.TEACHER_LIST (TEACHER_NAME,TEACHER_CODE) values ('Md. Manzurul Islam','MMI');
Insert into RTEST.TEACHER_LIST (TEACHER_NAME,TEACHER_CODE) values ('Dr. Mohammad Shaharia Bhuyan','MSB');
Insert into RTEST.TEACHER_LIST (TEACHER_NAME,TEACHER_CODE) values ('Md. Shahedul Islam','MSI');
Insert into RTEST.TEACHER_LIST (TEACHER_NAME,TEACHER_CODE) values ('Nazia Hossain','NH');
Insert into RTEST.TEACHER_LIST (TEACHER_NAME,TEACHER_CODE) values ('Nahida Parvin','NP');
Insert into RTEST.TEACHER_LIST (TEACHER_NAME,TEACHER_CODE) values ('Nilufa Yeasmin','NY');
Insert into RTEST.TEACHER_LIST (TEACHER_NAME,TEACHER_CODE) values ('Rayhan Ahmed Shimanto','RAS');
Insert into RTEST.TEACHER_LIST (TEACHER_NAME,TEACHER_CODE) values ('Rianon Zaman','RZ');
Insert into RTEST.TEACHER_LIST (TEACHER_NAME,TEACHER_CODE) values ('Shah S Mahin','SSM');
Insert into RTEST.TEACHER_LIST (TEACHER_NAME,TEACHER_CODE) values ('Shifat Sharmin Shapla','SSS');
Insert into RTEST.TEACHER_LIST (TEACHER_NAME,TEACHER_CODE) values ('Tanveer Ahmed','TA');
Insert into RTEST.TEACHER_LIST (TEACHER_NAME,TEACHER_CODE) values ('Tarikuzzaman Emon','TE');
Insert into RTEST.TEACHER_LIST (TEACHER_NAME,TEACHER_CODE) values ('Tamanna Hauqe Nipa','THN');
Insert into RTEST.TEACHER_LIST (TEACHER_NAME,TEACHER_CODE) values ('Md. Towhidul Islam Robin','TIR');
Insert into RTEST.TEACHER_LIST (TEACHER_NAME,TEACHER_CODE) values ('Tarin Kazi','TK');
Insert into RTEST.TEACHER_LIST (TEACHER_NAME,TEACHER_CODE) values ('Tamjid Rahman','TR');
Insert into RTEST.TEACHER_LIST (TEACHER_NAME,TEACHER_CODE) values ('Zonayed Ahmed','ZA');
Insert into RTEST.TEACHER_LIST (TEACHER_NAME,TEACHER_CODE) values ('Dr. Zafar Iqbal Khan','ZI Sir');
REM INSERTING into RTEST.ROOM_LIST
SET DEFINE OFF;
Insert into RTEST.ROOM_LIST (ROOM_NO,ATTRIBUTE) values ('501','CLASS ROOM');
Insert into RTEST.ROOM_LIST (ROOM_NO,ATTRIBUTE) values ('502','CLASS ROOM');
Insert into RTEST.ROOM_LIST (ROOM_NO,ATTRIBUTE) values ('503','CLASS ROOM');
Insert into RTEST.ROOM_LIST (ROOM_NO,ATTRIBUTE) values ('505','CLASS ROOM');
Insert into RTEST.ROOM_LIST (ROOM_NO,ATTRIBUTE) values ('506','CLASS ROOM');
Insert into RTEST.ROOM_LIST (ROOM_NO,ATTRIBUTE) values ('Lab-A','PC Lab');
Insert into RTEST.ROOM_LIST (ROOM_NO,ATTRIBUTE) values ('Lab-B','PC Lab');
Insert into RTEST.ROOM_LIST (ROOM_NO,ATTRIBUTE) values ('Lab-C','PC Lab');
Insert into RTEST.ROOM_LIST (ROOM_NO,ATTRIBUTE) values ('Dhanmondi','PC Lab');
Insert into RTEST.ROOM_LIST (ROOM_NO,ATTRIBUTE) values ('DLD-3','Digital Lab');
Insert into RTEST.ROOM_LIST (ROOM_NO,ATTRIBUTE) values ('DLD-4','Digital Lab');
REM INSERTING into RTEST.LAB_GROUPS
SET DEFINE OFF;
REM INSERTING into RTEST.CLASS_LIST
SET DEFINE OFF;
Insert into RTEST.CLASS_LIST (TRIMISTER,DAY,COURSE_SHORT,COURSE_CODE,ROOM_NO,TEACHER_CODE,BATCH,CLASS_TIME_SLOT) values ('Spring-17','Monday','AI','CSI 421','501','TA','57B','01:00-02:15');
Insert into RTEST.CLASS_LIST (TRIMISTER,DAY,COURSE_SHORT,COURSE_CODE,ROOM_NO,TEACHER_CODE,BATCH,CLASS_TIME_SLOT) values ('Spring-17','Monday','AP','CSI 233','505','TIR','57B','10:30-11:45');
Insert into RTEST.CLASS_LIST (TRIMISTER,DAY,COURSE_SHORT,COURSE_CODE,ROOM_NO,TEACHER_CODE,BATCH,CLASS_TIME_SLOT) values ('Spring-17','Monday','AP','CSI 233','506','RZ','57A','02:15-03:30');
Insert into RTEST.CLASS_LIST (TRIMISTER,DAY,COURSE_SHORT,COURSE_CODE,ROOM_NO,TEACHER_CODE,BATCH,CLASS_TIME_SLOT) values ('Spring-17','Monday','COA','CSE 233','502','THN','59','10:30-11:45');
Insert into RTEST.CLASS_LIST (TRIMISTER,DAY,COURSE_SHORT,COURSE_CODE,ROOM_NO,TEACHER_CODE,BATCH,CLASS_TIME_SLOT) values ('Spring-17','Monday','CPC','CSI 115','501','NH','63B','08:00-09:15');
Insert into RTEST.CLASS_LIST (TRIMISTER,DAY,COURSE_SHORT,COURSE_CODE,ROOM_NO,TEACHER_CODE,BATCH,CLASS_TIME_SLOT) values ('Spring-17','Monday','Comp','CSI 411','503','AFA','54B','03:30-4:45');
Insert into RTEST.CLASS_LIST (TRIMISTER,DAY,COURSE_SHORT,COURSE_CODE,ROOM_NO,TEACHER_CODE,BATCH,CLASS_TIME_SLOT) values ('Spring-17','Monday','Comp','CSI 411','503','RZ','54A','01:00-02:15');
Insert into RTEST.CLASS_LIST (TRIMISTER,DAY,COURSE_SHORT,COURSE_CODE,ROOM_NO,TEACHER_CODE,BATCH,CLASS_TIME_SLOT) values ('Spring-17','Monday','DBMS','CSI 223','505','MMI','58C','03:30-4:45');
Insert into RTEST.CLASS_LIST (TRIMISTER,DAY,COURSE_SHORT,COURSE_CODE,ROOM_NO,TEACHER_CODE,BATCH,CLASS_TIME_SLOT) values ('Spring-17','Monday','DC','CSE 335','505','TE','57A','01:00-02:15');
Insert into RTEST.CLASS_LIST (TRIMISTER,DAY,COURSE_SHORT,COURSE_CODE,ROOM_NO,TEACHER_CODE,BATCH,CLASS_TIME_SLOT) values ('Spring-17','Monday','DC','CSE 335','505','TE','57B','02:15-03:30');
Insert into RTEST.CLASS_LIST (TRIMISTER,DAY,COURSE_SHORT,COURSE_CODE,ROOM_NO,TEACHER_CODE,BATCH,CLASS_TIME_SLOT) values ('Spring-17','Monday','DEPT','CSE 213','506','IJM','60B','03:30-4:45');
Insert into RTEST.CLASS_LIST (TRIMISTER,DAY,COURSE_SHORT,COURSE_CODE,ROOM_NO,TEACHER_CODE,BATCH,CLASS_TIME_SLOT) values ('Spring-17','Monday','DM','MATH 135','501','THN','62A','03:30-4:45');
Insert into RTEST.CLASS_LIST (TRIMISTER,DAY,COURSE_SHORT,COURSE_CODE,ROOM_NO,TEACHER_CODE,BATCH,CLASS_TIME_SLOT) values ('Spring-17','Monday','DSP','CSE 433','501','NH','52B','11:45-01:00');
Insert into RTEST.CLASS_LIST (TRIMISTER,DAY,COURSE_SHORT,COURSE_CODE,ROOM_NO,TEACHER_CODE,BATCH,CLASS_TIME_SLOT) values ('Spring-17','Monday','GT','CSI 427','501','ZA','52B','02:15-03:30');
Insert into RTEST.CLASS_LIST (TRIMISTER,DAY,COURSE_SHORT,COURSE_CODE,ROOM_NO,TEACHER_CODE,BATCH,CLASS_TIME_SLOT) values ('Spring-17','Monday','GT','CSI 427','502','ZA','52A','01:00-02:15');
Insert into RTEST.CLASS_LIST (TRIMISTER,DAY,COURSE_SHORT,COURSE_CODE,ROOM_NO,TEACHER_CODE,BATCH,CLASS_TIME_SLOT) values ('Spring-17','Monday','MP','CSE 325','502','TE','OLD','03:30-4:45');
Insert into RTEST.CLASS_LIST (TRIMISTER,DAY,COURSE_SHORT,COURSE_CODE,ROOM_NO,TEACHER_CODE,BATCH,CLASS_TIME_SLOT) values ('Spring-17','Monday','NM','MATH 327','502','NP','57C','09:15-10:30');
Insert into RTEST.CLASS_LIST (TRIMISTER,DAY,COURSE_SHORT,COURSE_CODE,ROOM_NO,TEACHER_CODE,BATCH,CLASS_TIME_SLOT) values ('Spring-17','Monday','OOP','CSI 217','503','AFA','60B','04:45-6:00');
Insert into RTEST.CLASS_LIST (TRIMISTER,DAY,COURSE_SHORT,COURSE_CODE,ROOM_NO,TEACHER_CODE,BATCH,CLASS_TIME_SLOT) values ('Spring-17','Monday','OOP','CSI 217','505','MMI','60A','11:45-01:00');
Insert into RTEST.CLASS_LIST (TRIMISTER,DAY,COURSE_SHORT,COURSE_CODE,ROOM_NO,TEACHER_CODE,BATCH,CLASS_TIME_SLOT) values ('Spring-17','Monday','SE','CSI 331','502','KMN','55','02:15-03:30');
Insert into RTEST.CLASS_LIST (TRIMISTER,DAY,COURSE_SHORT,COURSE_CODE,ROOM_NO,TEACHER_CODE,BATCH,CLASS_TIME_SLOT) values ('Spring-17','Monday','SPL','CSI 123','506','KMN','62A','11:45-01:00');
Insert into RTEST.CLASS_LIST (TRIMISTER,DAY,COURSE_SHORT,COURSE_CODE,ROOM_NO,TEACHER_CODE,BATCH,CLASS_TIME_SLOT) values ('Spring-17','Monday','VIP','CSI 311','503','TA','54A','02:15-03:30');
Insert into RTEST.CLASS_LIST (TRIMISTER,DAY,COURSE_SHORT,COURSE_CODE,ROOM_NO,TEACHER_CODE,BATCH,CLASS_TIME_SLOT) values ('Spring-17','Monday','VIP','CSI 311','505','SSM','54B','04:45-6:00');
Insert into RTEST.CLASS_LIST (TRIMISTER,DAY,COURSE_SHORT,COURSE_CODE,ROOM_NO,TEACHER_CODE,BATCH,CLASS_TIME_SLOT) values ('Spring-17','Sunday','AI','CSI 421','501','TA','57B','09:15-10:30');
Insert into RTEST.CLASS_LIST (TRIMISTER,DAY,COURSE_SHORT,COURSE_CODE,ROOM_NO,TEACHER_CODE,BATCH,CLASS_TIME_SLOT) values ('Spring-17','Sunday','AI','CSI 421','506','AASR','57C','09:15-10:30');
Insert into RTEST.CLASS_LIST (TRIMISTER,DAY,COURSE_SHORT,COURSE_CODE,ROOM_NO,TEACHER_CODE,BATCH,CLASS_TIME_SLOT) values ('Spring-17','Sunday','AP','CSI 233','501','RZ','57A','11:45-01:00');
Insert into RTEST.CLASS_LIST (TRIMISTER,DAY,COURSE_SHORT,COURSE_CODE,ROOM_NO,TEACHER_CODE,BATCH,CLASS_TIME_SLOT) values ('Spring-17','Sunday','AP','CSI 233','505','ZA','57C','11:45-01:00');
Insert into RTEST.CLASS_LIST (TRIMISTER,DAY,COURSE_SHORT,COURSE_CODE,ROOM_NO,TEACHER_CODE,BATCH,CLASS_TIME_SLOT) values ('Spring-17','Sunday','Algo','CSI 231','502','MSI','59','10:30-11:45');
Insert into RTEST.CLASS_LIST (TRIMISTER,DAY,COURSE_SHORT,COURSE_CODE,ROOM_NO,TEACHER_CODE,BATCH,CLASS_TIME_SLOT) values ('Spring-17','Sunday','COA','CSE 233','502','THN','59','03:30-4:45');
Insert into RTEST.CLASS_LIST (TRIMISTER,DAY,COURSE_SHORT,COURSE_CODE,ROOM_NO,TEACHER_CODE,BATCH,CLASS_TIME_SLOT) values ('Spring-17','Sunday','CPC','CSI 115','501','NY','63C','10:30-11:45');
Insert into RTEST.CLASS_LIST (TRIMISTER,DAY,COURSE_SHORT,COURSE_CODE,ROOM_NO,TEACHER_CODE,BATCH,CLASS_TIME_SLOT) values ('Spring-17','Sunday','DBMS','CSI 223','505','MM','58A','01:00-02:15');
Insert into RTEST.CLASS_LIST (TRIMISTER,DAY,COURSE_SHORT,COURSE_CODE,ROOM_NO,TEACHER_CODE,BATCH,CLASS_TIME_SLOT) values ('Spring-17','Sunday','DC','CSE 335','505','MSB','57C','10:30-11:45');
Insert into RTEST.CLASS_LIST (TRIMISTER,DAY,COURSE_SHORT,COURSE_CODE,ROOM_NO,TEACHER_CODE,BATCH,CLASS_TIME_SLOT) values ('Spring-17','Sunday','DEPT','CSE 213','506','AS','60C','02:15-03:30');
Insert into RTEST.CLASS_LIST (TRIMISTER,DAY,COURSE_SHORT,COURSE_CODE,ROOM_NO,TEACHER_CODE,BATCH,CLASS_TIME_SLOT) values ('Spring-17','Sunday','MACS','MATH 337','506','AASR','56','10:30-11:45');
Insert into RTEST.CLASS_LIST (TRIMISTER,DAY,COURSE_SHORT,COURSE_CODE,ROOM_NO,TEACHER_CODE,BATCH,CLASS_TIME_SLOT) values ('Spring-17','Sunday','MP & I','CSE 327','502','MAD','58B','02:15-03:30');
Insert into RTEST.CLASS_LIST (TRIMISTER,DAY,COURSE_SHORT,COURSE_CODE,ROOM_NO,TEACHER_CODE,BATCH,CLASS_TIME_SLOT) values ('Spring-17','Sunday','NM','MATH 327','505','ZI Sir','57A','09:15-10:30');
Insert into RTEST.CLASS_LIST (TRIMISTER,DAY,COURSE_SHORT,COURSE_CODE,ROOM_NO,TEACHER_CODE,BATCH,CLASS_TIME_SLOT) values ('Spring-17','Sunday','NM','MATH 327','505','ZI Sir','57B','08:00-09:15');
Insert into RTEST.CLASS_LIST (TRIMISTER,DAY,COURSE_SHORT,COURSE_CODE,ROOM_NO,TEACHER_CODE,BATCH,CLASS_TIME_SLOT) values ('Spring-17','Sunday','OS','CSI 313','502','MSB','55','09:15-10:30');
Insert into RTEST.CLASS_LIST (TRIMISTER,DAY,COURSE_SHORT,COURSE_CODE,ROOM_NO,TEACHER_CODE,BATCH,CLASS_TIME_SLOT) values ('Spring-17','Sunday','SAD','CSI 323','502','MSI','56','11:45-01:00');
Insert into RTEST.CLASS_LIST (TRIMISTER,DAY,COURSE_SHORT,COURSE_CODE,ROOM_NO,TEACHER_CODE,BATCH,CLASS_TIME_SLOT) values ('Spring-17','Sunday','VIP','CSI 311','506','TA','54A','11:45-01:00');
REM INSERTING into RTEST.CLASS_TIME_SLOTS
SET DEFINE OFF;
Insert into RTEST.CLASS_TIME_SLOTS (CLASS_TIME_SLOT) values ('01:00-02:15');
Insert into RTEST.CLASS_TIME_SLOTS (CLASS_TIME_SLOT) values ('02:15-03:30');
Insert into RTEST.CLASS_TIME_SLOTS (CLASS_TIME_SLOT) values ('03:30-4:45');
Insert into RTEST.CLASS_TIME_SLOTS (CLASS_TIME_SLOT) values ('04:45-6:00');
Insert into RTEST.CLASS_TIME_SLOTS (CLASS_TIME_SLOT) values ('08:00-09:15');
Insert into RTEST.CLASS_TIME_SLOTS (CLASS_TIME_SLOT) values ('09:15-10:30');
Insert into RTEST.CLASS_TIME_SLOTS (CLASS_TIME_SLOT) values ('10:30-11:45');
Insert into RTEST.CLASS_TIME_SLOTS (CLASS_TIME_SLOT) values ('11:45-01:00');
REM INSERTING into RTEST.DAY_LIST
SET DEFINE OFF;
Insert into RTEST.DAY_LIST (DAY) values ('Friday');
Insert into RTEST.DAY_LIST (DAY) values ('Monday');
Insert into RTEST.DAY_LIST (DAY) values ('Saturday');
Insert into RTEST.DAY_LIST (DAY) values ('Sunday');
Insert into RTEST.DAY_LIST (DAY) values ('Thursday');
Insert into RTEST.DAY_LIST (DAY) values ('Tuesday');
Insert into RTEST.DAY_LIST (DAY) values ('Wednesday');
REM INSERTING into RTEST.COURSE_LIST
SET DEFINE OFF;
Insert into RTEST.COURSE_LIST (COURSE_TITLE,COURSE_SHORT,COURSE_CODE) values ('Accounting','ACC','ACCT 227');
Insert into RTEST.COURSE_LIST (COURSE_TITLE,COURSE_SHORT,COURSE_CODE) values ('Course Viva I','CV.I','CSE 100');
Insert into RTEST.COURSE_LIST (COURSE_TITLE,COURSE_SHORT,COURSE_CODE) values ('Electrical Circuit & Devices','ECD','CSE 113');
Insert into RTEST.COURSE_LIST (COURSE_TITLE,COURSE_SHORT,COURSE_CODE) values ('Electronics','Elec.','CSE 123');
Insert into RTEST.COURSE_LIST (COURSE_TITLE,COURSE_SHORT,COURSE_CODE) values ('Electronics Sessional','Elec. Sess.','CSE 124');
Insert into RTEST.COURSE_LIST (COURSE_TITLE,COURSE_SHORT,COURSE_CODE) values ('Digital Logic Design','DLD','CSE 133');
Insert into RTEST.COURSE_LIST (COURSE_TITLE,COURSE_SHORT,COURSE_CODE) values ('Digital Logic Design Sessional','DLD Sess.','CSE 134');
Insert into RTEST.COURSE_LIST (COURSE_TITLE,COURSE_SHORT,COURSE_CODE) values ('Course Viva II','CV.II','CSE 200');
Insert into RTEST.COURSE_LIST (COURSE_TITLE,COURSE_SHORT,COURSE_CODE) values ('Digital Electronics & Pulse Technique','DEPT','CSE 213');
Insert into RTEST.COURSE_LIST (COURSE_TITLE,COURSE_SHORT,COURSE_CODE) values ('Digital Electronics & Pulse Technique Sessional','DEPT Sess.','CSE 214');
Insert into RTEST.COURSE_LIST (COURSE_TITLE,COURSE_SHORT,COURSE_CODE) values ('Electrical Devices','ED','CSE 221');
Insert into RTEST.COURSE_LIST (COURSE_TITLE,COURSE_SHORT,COURSE_CODE) values ('Computer Organization & Architecture','COA','CSE 233');
Insert into RTEST.COURSE_LIST (COURSE_TITLE,COURSE_SHORT,COURSE_CODE) values ('Computer Organization & Architecture Sessional','COA Sess.','CSE 234');
Insert into RTEST.COURSE_LIST (COURSE_TITLE,COURSE_SHORT,COURSE_CODE) values ('Course Viva III','CV.III','CSE 300');
Insert into RTEST.COURSE_LIST (COURSE_TITLE,COURSE_SHORT,COURSE_CODE) values ('Assembly Programming Sessional','AP Sess.','CSE 317');
Insert into RTEST.COURSE_LIST (COURSE_TITLE,COURSE_SHORT,COURSE_CODE) values ('Microprocessor','Micro.','CSE 325');
Insert into RTEST.COURSE_LIST (COURSE_TITLE,COURSE_SHORT,COURSE_CODE) values ('Microprocessor Sessional','Micro. Sess.','CSE 326');
Insert into RTEST.COURSE_LIST (COURSE_TITLE,COURSE_SHORT,COURSE_CODE) values ('Microprocessor & Interfacing','M&I','CSE 327');
Insert into RTEST.COURSE_LIST (COURSE_TITLE,COURSE_SHORT,COURSE_CODE) values ('Microprocessor and Interfacing sessional','M&I Sess.','CSE 328');
Insert into RTEST.COURSE_LIST (COURSE_TITLE,COURSE_SHORT,COURSE_CODE) values ('Computer Peripherals & Interfacing','CPI','CSE 333');
Insert into RTEST.COURSE_LIST (COURSE_TITLE,COURSE_SHORT,COURSE_CODE) values ('Computer Peripherals & Interfacing Sessional','CPI Sess.','CSE 334');
Insert into RTEST.COURSE_LIST (COURSE_TITLE,COURSE_SHORT,COURSE_CODE) values ('Data Communication','DC','CSE 335');
Insert into RTEST.COURSE_LIST (COURSE_TITLE,COURSE_SHORT,COURSE_CODE) values ('Switching and Routing','SR','CSE 353');
Insert into RTEST.COURSE_LIST (COURSE_TITLE,COURSE_SHORT,COURSE_CODE) values ('Switching and Routing Sessional','SR Sess.','CSE 354');
Insert into RTEST.COURSE_LIST (COURSE_TITLE,COURSE_SHORT,COURSE_CODE) values ('Course Viva IV','CV.IV','CSE 400');
Insert into RTEST.COURSE_LIST (COURSE_TITLE,COURSE_SHORT,COURSE_CODE) values ('Computer Networks','CN','CSE 415');
Insert into RTEST.COURSE_LIST (COURSE_TITLE,COURSE_SHORT,COURSE_CODE) values ('Computer Networks Sessional','CN Sess.','CSE 416');
Insert into RTEST.COURSE_LIST (COURSE_TITLE,COURSE_SHORT,COURSE_CODE) values ('Communication Eng.','CE','CSE 429');
Insert into RTEST.COURSE_LIST (COURSE_TITLE,COURSE_SHORT,COURSE_CODE) values ('VLSI Design','VLSID','CSE 431');
Insert into RTEST.COURSE_LIST (COURSE_TITLE,COURSE_SHORT,COURSE_CODE) values ('VLSI Design Sessional','VLSID Sess.','CSE 432');
Insert into RTEST.COURSE_LIST (COURSE_TITLE,COURSE_SHORT,COURSE_CODE) values ('Digital Signal Process','DSP','CSE 433');
Insert into RTEST.COURSE_LIST (COURSE_TITLE,COURSE_SHORT,COURSE_CODE) values ('Project & Thesis','P&T','CSE 500');
Insert into RTEST.COURSE_LIST (COURSE_TITLE,COURSE_SHORT,COURSE_CODE) values ('Computer Concepts','CC','CSI 111');
Insert into RTEST.COURSE_LIST (COURSE_TITLE,COURSE_SHORT,COURSE_CODE) values ('Computer Concept Sessional','CC Sess.','CSI 112');
Insert into RTEST.COURSE_LIST (COURSE_TITLE,COURSE_SHORT,COURSE_CODE) values ('Computer and Programming Concept','CPC','CSI 115');
Insert into RTEST.COURSE_LIST (COURSE_TITLE,COURSE_SHORT,COURSE_CODE) values ('Computer and Programming Concept Sessional','CPC Sess.','CSI 116');
Insert into RTEST.COURSE_LIST (COURSE_TITLE,COURSE_SHORT,COURSE_CODE) values ('Programming Language I','PL.I','CSI 121');
Insert into RTEST.COURSE_LIST (COURSE_TITLE,COURSE_SHORT,COURSE_CODE) values ('Structured Programming Language','SPL','CSI 123');
Insert into RTEST.COURSE_LIST (COURSE_TITLE,COURSE_SHORT,COURSE_CODE) values ('Structured Programming Language Sessional','SPL Sess.','CSI 124');
Insert into RTEST.COURSE_LIST (COURSE_TITLE,COURSE_SHORT,COURSE_CODE) values ('Programming Language II','PL.II','CSI 131');
Insert into RTEST.COURSE_LIST (COURSE_TITLE,COURSE_SHORT,COURSE_CODE) values ('Object Oriented Programming I','OOPI','CSI 211');
Insert into RTEST.COURSE_LIST (COURSE_TITLE,COURSE_SHORT,COURSE_CODE) values ('Object Oriented Programming','OOP','CSI 217');
Insert into RTEST.COURSE_LIST (COURSE_TITLE,COURSE_SHORT,COURSE_CODE) values ('Object Oriented Programming Sessional','OOP Sess.','CSI 218');
Insert into RTEST.COURSE_LIST (COURSE_TITLE,COURSE_SHORT,COURSE_CODE) values ('Data Structure','DS','CSI 221');
Insert into RTEST.COURSE_LIST (COURSE_TITLE,COURSE_SHORT,COURSE_CODE) values ('Data Structure Sessional','DS Sess.','CSI 222');
Insert into RTEST.COURSE_LIST (COURSE_TITLE,COURSE_SHORT,COURSE_CODE) values ('Database Management System','DMS','CSI 223');
Insert into RTEST.COURSE_LIST (COURSE_TITLE,COURSE_SHORT,COURSE_CODE) values ('Database Management System Sessional','DMS Sess.','CSI 224');
Insert into RTEST.COURSE_LIST (COURSE_TITLE,COURSE_SHORT,COURSE_CODE) values ('Algorithms','Algo.','CSI 231');
Insert into RTEST.COURSE_LIST (COURSE_TITLE,COURSE_SHORT,COURSE_CODE) values ('Algorithms Sessional','Algo. Sess.','CSI 232');
Insert into RTEST.COURSE_LIST (COURSE_TITLE,COURSE_SHORT,COURSE_CODE) values ('Advanced Programming','AP','CSI 233');
Insert into RTEST.COURSE_LIST (COURSE_TITLE,COURSE_SHORT,COURSE_CODE) values ('Advance Programming Sessional','AP Sess.','CSI 234');
Insert into RTEST.COURSE_LIST (COURSE_TITLE,COURSE_SHORT,COURSE_CODE) values ('Visual & Internet Programming','VIP','CSI 311');
Insert into RTEST.COURSE_LIST (COURSE_TITLE,COURSE_SHORT,COURSE_CODE) values ('Visual & Internet Programming Sessional','VIP Sess.','CSI 312');
Insert into RTEST.COURSE_LIST (COURSE_TITLE,COURSE_SHORT,COURSE_CODE) values ('Operating System','OS','CSI 313');
Insert into RTEST.COURSE_LIST (COURSE_TITLE,COURSE_SHORT,COURSE_CODE) values ('Operating System Sessional','OS Sess.','CSI 314');
Insert into RTEST.COURSE_LIST (COURSE_TITLE,COURSE_SHORT,COURSE_CODE) values ('Theory of Computing','TC','CSI 315');
Insert into RTEST.COURSE_LIST (COURSE_TITLE,COURSE_SHORT,COURSE_CODE) values ('Object Oriented Programming II','OOPII','CSI 321');
Insert into RTEST.COURSE_LIST (COURSE_TITLE,COURSE_SHORT,COURSE_CODE) values ('Object Oriented Programming Sessional','OOP Sess.','CSI 322');
Insert into RTEST.COURSE_LIST (COURSE_TITLE,COURSE_SHORT,COURSE_CODE) values ('System Analysis & Design','SAD','CSI 323');
Insert into RTEST.COURSE_LIST (COURSE_TITLE,COURSE_SHORT,COURSE_CODE) values ('System Analysis & Design Sessional','SAD Sess.','CSI 324');
Insert into RTEST.COURSE_LIST (COURSE_TITLE,COURSE_SHORT,COURSE_CODE) values ('Software Engineering','SE','CSI 331');
Insert into RTEST.COURSE_LIST (COURSE_TITLE,COURSE_SHORT,COURSE_CODE) values ('Software Engineering Sessional','SE Sess.','CSI 332');
Insert into RTEST.COURSE_LIST (COURSE_TITLE,COURSE_SHORT,COURSE_CODE) values ('Compiler','Comp','CSI 411');
Insert into RTEST.COURSE_LIST (COURSE_TITLE,COURSE_SHORT,COURSE_CODE) values ('Compiler Sessional','Comp Sess.','CSI 412');
Insert into RTEST.COURSE_LIST (COURSE_TITLE,COURSE_SHORT,COURSE_CODE) values ('Computer Graphics','CG','CSI 413');
Insert into RTEST.COURSE_LIST (COURSE_TITLE,COURSE_SHORT,COURSE_CODE) values ('Computer Graphics Sessional','CGS','CSI 414');
Insert into RTEST.COURSE_LIST (COURSE_TITLE,COURSE_SHORT,COURSE_CODE) values ('Simulation & Modeling','SM','CSI 417');
Insert into RTEST.COURSE_LIST (COURSE_TITLE,COURSE_SHORT,COURSE_CODE) values ('Simulation & Modeling Sessional','SM Sess.','CSI 418');
Insert into RTEST.COURSE_LIST (COURSE_TITLE,COURSE_SHORT,COURSE_CODE) values ('Artificial Intelligence & Expert Systems','AI ES','CSI 421');
Insert into RTEST.COURSE_LIST (COURSE_TITLE,COURSE_SHORT,COURSE_CODE) values ('Artificial Intelligence & Expert Systems Sessional','AI ES Sess.','CSI 422');
Insert into RTEST.COURSE_LIST (COURSE_TITLE,COURSE_SHORT,COURSE_CODE) values ('Multimedia Systems Design','MSD','CSI 423');
Insert into RTEST.COURSE_LIST (COURSE_TITLE,COURSE_SHORT,COURSE_CODE) values ('Multimedia Systems Design Sessional','MSD Sess.','CSI 424');
Insert into RTEST.COURSE_LIST (COURSE_TITLE,COURSE_SHORT,COURSE_CODE) values ('Pattern Recognition','P.Recognition','CSI 425');
Insert into RTEST.COURSE_LIST (COURSE_TITLE,COURSE_SHORT,COURSE_CODE) values ('Pattern Recognition Sessional','PRS','CSI 426');
Insert into RTEST.COURSE_LIST (COURSE_TITLE,COURSE_SHORT,COURSE_CODE) values ('Graph Theory','GT','CSI 427');
Insert into RTEST.COURSE_LIST (COURSE_TITLE,COURSE_SHORT,COURSE_CODE) values ('Graph Theory Sessional','GT Sess.','CSI 428');
Insert into RTEST.COURSE_LIST (COURSE_TITLE,COURSE_SHORT,COURSE_CODE) values ('Artificial Intelligence','AI','CSI 431');
Insert into RTEST.COURSE_LIST (COURSE_TITLE,COURSE_SHORT,COURSE_CODE) values ('Artificial Intelligence Sessional','AI Sess.','CSI 432');
Insert into RTEST.COURSE_LIST (COURSE_TITLE,COURSE_SHORT,COURSE_CODE) values ('Information System Management','ISM','CSI 439');
Insert into RTEST.COURSE_LIST (COURSE_TITLE,COURSE_SHORT,COURSE_CODE) values ('Economics','Econ.','ECON 127');
Insert into RTEST.COURSE_LIST (COURSE_TITLE,COURSE_SHORT,COURSE_CODE) values ('Principles of Economics','PE','ECON 317');
Insert into RTEST.COURSE_LIST (COURSE_TITLE,COURSE_SHORT,COURSE_CODE) values ('Economics','Econ.','ECON 319');
Insert into RTEST.COURSE_LIST (COURSE_TITLE,COURSE_SHORT,COURSE_CODE) values ('Electrical Circuit and Devices','ECD','EEE 193');
Insert into RTEST.COURSE_LIST (COURSE_TITLE,COURSE_SHORT,COURSE_CODE) values ('Electronics','Elec.','EEE 195');
Insert into RTEST.COURSE_LIST (COURSE_TITLE,COURSE_SHORT,COURSE_CODE) values ('Electronics Sessional','Elec.Sess.','EEE 196');
Insert into RTEST.COURSE_LIST (COURSE_TITLE,COURSE_SHORT,COURSE_CODE) values ('Technical Writing And Communication','TWC','ENG 137');
Insert into RTEST.COURSE_LIST (COURSE_TITLE,COURSE_SHORT,COURSE_CODE) values ('English Fundamentals','EF','ENGL 100');
Insert into RTEST.COURSE_LIST (COURSE_TITLE,COURSE_SHORT,COURSE_CODE) values ('Composition','Compo.','ENGL 101');
Insert into RTEST.COURSE_LIST (COURSE_TITLE,COURSE_SHORT,COURSE_CODE) values ('Public Speaking','PS','ENGL 102');
Insert into RTEST.COURSE_LIST (COURSE_TITLE,COURSE_SHORT,COURSE_CODE) values ('Differential & Integral Calculus','DIC','MATH 113');
Insert into RTEST.COURSE_LIST (COURSE_TITLE,COURSE_SHORT,COURSE_CODE) values ('Differential Calculus','D.Calculus','MATH 115');
Insert into RTEST.COURSE_LIST (COURSE_TITLE,COURSE_SHORT,COURSE_CODE) values ('Integral Calculus','I.Calculus','MATH 125');
Insert into RTEST.COURSE_LIST (COURSE_TITLE,COURSE_SHORT,COURSE_CODE) values ('Discrete Mathematics','DM','MATH 135');
Insert into RTEST.COURSE_LIST (COURSE_TITLE,COURSE_SHORT,COURSE_CODE) values ('"Matrix, Vector & Statistics"','MVS','MATH 215');
Insert into RTEST.COURSE_LIST (COURSE_TITLE,COURSE_SHORT,COURSE_CODE) values ('Coordinate Geometry & Vector Calculus','CGVC','MATH 225');
Insert into RTEST.COURSE_LIST (COURSE_TITLE,COURSE_SHORT,COURSE_CODE) values ('Differential Equations','D.Equations','MATH 231');
Insert into RTEST.COURSE_LIST (COURSE_TITLE,COURSE_SHORT,COURSE_CODE) values ('Ordinary & Partial Differential Equation','OPDE','MATH 235');
Insert into RTEST.COURSE_LIST (COURSE_TITLE,COURSE_SHORT,COURSE_CODE) values ('Matrix & Differential Equation','MDE','MATH 237');
Insert into RTEST.COURSE_LIST (COURSE_TITLE,COURSE_SHORT,COURSE_CODE) values ('Fourier Analysis & Laplace Transformation','FALT','MATH 319');
Insert into RTEST.COURSE_LIST (COURSE_TITLE,COURSE_SHORT,COURSE_CODE) values ('Numerical Methods','NM','MATH 327');
Insert into RTEST.COURSE_LIST (COURSE_TITLE,COURSE_SHORT,COURSE_CODE) values ('Mathematical Analysis for Computer Science','MAC','MATH 337');
Insert into RTEST.COURSE_LIST (COURSE_TITLE,COURSE_SHORT,COURSE_CODE) values ('Freshman Orientation','F.Orientation','ORE 101');
Insert into RTEST.COURSE_LIST (COURSE_TITLE,COURSE_SHORT,COURSE_CODE) values ('Continuous Orientation','C.Orientation','ORE 102');
Insert into RTEST.COURSE_LIST (COURSE_TITLE,COURSE_SHORT,COURSE_CODE) values ('Professional Orientation','P.Orientation','ORE 103');
Insert into RTEST.COURSE_LIST (COURSE_TITLE,COURSE_SHORT,COURSE_CODE) values ('Physics','Physics','PHY 217');
Insert into RTEST.COURSE_LIST (COURSE_TITLE,COURSE_SHORT,COURSE_CODE) values ('Bangladesh Studies','B.Studies','SOC 113');
REM INSERTING into RTEST.BATCH_LIST
SET DEFINE OFF;
Insert into RTEST.BATCH_LIST (BATCH) values ('52A');
Insert into RTEST.BATCH_LIST (BATCH) values ('52B');
Insert into RTEST.BATCH_LIST (BATCH) values ('53');
Insert into RTEST.BATCH_LIST (BATCH) values ('54A');
Insert into RTEST.BATCH_LIST (BATCH) values ('54B');
Insert into RTEST.BATCH_LIST (BATCH) values ('55');
Insert into RTEST.BATCH_LIST (BATCH) values ('56');
Insert into RTEST.BATCH_LIST (BATCH) values ('57A');
Insert into RTEST.BATCH_LIST (BATCH) values ('57B');
Insert into RTEST.BATCH_LIST (BATCH) values ('57C');
Insert into RTEST.BATCH_LIST (BATCH) values ('58A');
Insert into RTEST.BATCH_LIST (BATCH) values ('58B');
Insert into RTEST.BATCH_LIST (BATCH) values ('58C');
Insert into RTEST.BATCH_LIST (BATCH) values ('59');
Insert into RTEST.BATCH_LIST (BATCH) values ('60A');
Insert into RTEST.BATCH_LIST (BATCH) values ('60B');
Insert into RTEST.BATCH_LIST (BATCH) values ('60C');
Insert into RTEST.BATCH_LIST (BATCH) values ('62A');
Insert into RTEST.BATCH_LIST (BATCH) values ('63A');
Insert into RTEST.BATCH_LIST (BATCH) values ('63B');
Insert into RTEST.BATCH_LIST (BATCH) values ('63C');
Insert into RTEST.BATCH_LIST (BATCH) values ('63D');
Insert into RTEST.BATCH_LIST (BATCH) values ('OLD');
REM INSERTING into RTEST.LAB_TIME_SLOTS
SET DEFINE OFF;
--------------------------------------------------------
--  DDL for Index SYS_C007452
--------------------------------------------------------

  CREATE UNIQUE INDEX "RTEST"."SYS_C007452" ON "RTEST"."TEACHER_LIST" ("TEACHER_CODE") 
  PCTFREE 10 INITRANS 2 MAXTRANS 255 COMPUTE STATISTICS 
  STORAGE(INITIAL 65536 NEXT 1048576 MINEXTENTS 1 MAXEXTENTS 2147483645
  PCTINCREASE 0 FREELISTS 1 FREELIST GROUPS 1 BUFFER_POOL DEFAULT FLASH_CACHE DEFAULT CELL_FLASH_CACHE DEFAULT)
  TABLESPACE "USERS" ;
--------------------------------------------------------
--  DDL for Index SYS_C007456
--------------------------------------------------------

  CREATE UNIQUE INDEX "RTEST"."SYS_C007456" ON "RTEST"."ROOM_LIST" ("ROOM_NO") 
  PCTFREE 10 INITRANS 2 MAXTRANS 255 COMPUTE STATISTICS 
  STORAGE(INITIAL 65536 NEXT 1048576 MINEXTENTS 1 MAXEXTENTS 2147483645
  PCTINCREASE 0 FREELISTS 1 FREELIST GROUPS 1 BUFFER_POOL DEFAULT FLASH_CACHE DEFAULT CELL_FLASH_CACHE DEFAULT)
  TABLESPACE "USERS" ;
--------------------------------------------------------
--  DDL for Index SYS_C007449
--------------------------------------------------------

  CREATE UNIQUE INDEX "RTEST"."SYS_C007449" ON "RTEST"."LAB_GROUPS" ("BATCH_GROUP") 
  PCTFREE 10 INITRANS 2 MAXTRANS 255 COMPUTE STATISTICS 
  STORAGE(INITIAL 65536 NEXT 1048576 MINEXTENTS 1 MAXEXTENTS 2147483645
  PCTINCREASE 0 FREELISTS 1 FREELIST GROUPS 1 BUFFER_POOL DEFAULT FLASH_CACHE DEFAULT CELL_FLASH_CACHE DEFAULT)
  TABLESPACE "USERS" ;
--------------------------------------------------------
--  DDL for Index CL_PK
--------------------------------------------------------

  CREATE UNIQUE INDEX "RTEST"."CL_PK" ON "RTEST"."CLASS_LIST" ("TRIMISTER", "DAY", "COURSE_SHORT", "COURSE_CODE", "ROOM_NO", "TEACHER_CODE", "BATCH", "CLASS_TIME_SLOT") 
  PCTFREE 10 INITRANS 2 MAXTRANS 255 COMPUTE STATISTICS 
  STORAGE(INITIAL 65536 NEXT 1048576 MINEXTENTS 1 MAXEXTENTS 2147483645
  PCTINCREASE 0 FREELISTS 1 FREELIST GROUPS 1 BUFFER_POOL DEFAULT FLASH_CACHE DEFAULT CELL_FLASH_CACHE DEFAULT)
  TABLESPACE "USERS" ;
--------------------------------------------------------
--  DDL for Index SYS_C007458
--------------------------------------------------------

  CREATE UNIQUE INDEX "RTEST"."SYS_C007458" ON "RTEST"."CLASS_TIME_SLOTS" ("CLASS_TIME_SLOT") 
  PCTFREE 10 INITRANS 2 MAXTRANS 255 COMPUTE STATISTICS 
  STORAGE(INITIAL 65536 NEXT 1048576 MINEXTENTS 1 MAXEXTENTS 2147483645
  PCTINCREASE 0 FREELISTS 1 FREELIST GROUPS 1 BUFFER_POOL DEFAULT FLASH_CACHE DEFAULT CELL_FLASH_CACHE DEFAULT)
  TABLESPACE "USERS" ;
--------------------------------------------------------
--  DDL for Index SYS_C007454
--------------------------------------------------------

  CREATE UNIQUE INDEX "RTEST"."SYS_C007454" ON "RTEST"."DAY_LIST" ("DAY") 
  PCTFREE 10 INITRANS 2 MAXTRANS 255 COMPUTE STATISTICS 
  STORAGE(INITIAL 65536 NEXT 1048576 MINEXTENTS 1 MAXEXTENTS 2147483645
  PCTINCREASE 0 FREELISTS 1 FREELIST GROUPS 1 BUFFER_POOL DEFAULT FLASH_CACHE DEFAULT CELL_FLASH_CACHE DEFAULT)
  TABLESPACE "USERS" ;
--------------------------------------------------------
--  DDL for Index SYS_C007464
--------------------------------------------------------

  CREATE UNIQUE INDEX "RTEST"."SYS_C007464" ON "RTEST"."COURSE_LIST" ("COURSE_CODE") 
  PCTFREE 10 INITRANS 2 MAXTRANS 255 COMPUTE STATISTICS 
  STORAGE(INITIAL 65536 NEXT 1048576 MINEXTENTS 1 MAXEXTENTS 2147483645
  PCTINCREASE 0 FREELISTS 1 FREELIST GROUPS 1 BUFFER_POOL DEFAULT FLASH_CACHE DEFAULT CELL_FLASH_CACHE DEFAULT)
  TABLESPACE "USERS" ;
--------------------------------------------------------
--  DDL for Index SYS_C007447
--------------------------------------------------------

  CREATE UNIQUE INDEX "RTEST"."SYS_C007447" ON "RTEST"."BATCH_LIST" ("BATCH") 
  PCTFREE 10 INITRANS 2 MAXTRANS 255 COMPUTE STATISTICS 
  STORAGE(INITIAL 65536 NEXT 1048576 MINEXTENTS 1 MAXEXTENTS 2147483645
  PCTINCREASE 0 FREELISTS 1 FREELIST GROUPS 1 BUFFER_POOL DEFAULT FLASH_CACHE DEFAULT CELL_FLASH_CACHE DEFAULT)
  TABLESPACE "USERS" ;
--------------------------------------------------------
--  DDL for Index SYS_C007460
--------------------------------------------------------

  CREATE UNIQUE INDEX "RTEST"."SYS_C007460" ON "RTEST"."LAB_TIME_SLOTS" ("LAB_TIME_SLOT") 
  PCTFREE 10 INITRANS 2 MAXTRANS 255 COMPUTE STATISTICS 
  STORAGE(INITIAL 65536 NEXT 1048576 MINEXTENTS 1 MAXEXTENTS 2147483645
  PCTINCREASE 0 FREELISTS 1 FREELIST GROUPS 1 BUFFER_POOL DEFAULT FLASH_CACHE DEFAULT CELL_FLASH_CACHE DEFAULT)
  TABLESPACE "USERS" ;
--------------------------------------------------------
--  Constraints for Table TEACHER_LIST
--------------------------------------------------------

  ALTER TABLE "RTEST"."TEACHER_LIST" ADD PRIMARY KEY ("TEACHER_CODE")
  USING INDEX PCTFREE 10 INITRANS 2 MAXTRANS 255 COMPUTE STATISTICS 
  STORAGE(INITIAL 65536 NEXT 1048576 MINEXTENTS 1 MAXEXTENTS 2147483645
  PCTINCREASE 0 FREELISTS 1 FREELIST GROUPS 1 BUFFER_POOL DEFAULT FLASH_CACHE DEFAULT CELL_FLASH_CACHE DEFAULT)
  TABLESPACE "USERS"  ENABLE;
  ALTER TABLE "RTEST"."TEACHER_LIST" MODIFY ("TEACHER_NAME" NOT NULL ENABLE);
--------------------------------------------------------
--  Constraints for Table ROOM_LIST
--------------------------------------------------------

  ALTER TABLE "RTEST"."ROOM_LIST" ADD PRIMARY KEY ("ROOM_NO")
  USING INDEX PCTFREE 10 INITRANS 2 MAXTRANS 255 COMPUTE STATISTICS 
  STORAGE(INITIAL 65536 NEXT 1048576 MINEXTENTS 1 MAXEXTENTS 2147483645
  PCTINCREASE 0 FREELISTS 1 FREELIST GROUPS 1 BUFFER_POOL DEFAULT FLASH_CACHE DEFAULT CELL_FLASH_CACHE DEFAULT)
  TABLESPACE "USERS"  ENABLE;
  ALTER TABLE "RTEST"."ROOM_LIST" MODIFY ("ROOM_NO" NOT NULL ENABLE);
--------------------------------------------------------
--  Constraints for Table LAB_GROUPS
--------------------------------------------------------

  ALTER TABLE "RTEST"."LAB_GROUPS" ADD PRIMARY KEY ("BATCH_GROUP")
  USING INDEX PCTFREE 10 INITRANS 2 MAXTRANS 255 COMPUTE STATISTICS 
  STORAGE(INITIAL 65536 NEXT 1048576 MINEXTENTS 1 MAXEXTENTS 2147483645
  PCTINCREASE 0 FREELISTS 1 FREELIST GROUPS 1 BUFFER_POOL DEFAULT FLASH_CACHE DEFAULT CELL_FLASH_CACHE DEFAULT)
  TABLESPACE "USERS"  ENABLE;
  ALTER TABLE "RTEST"."LAB_GROUPS" MODIFY ("BATCH_GROUP" NOT NULL ENABLE);
--------------------------------------------------------
--  Constraints for Table CLASS_LIST
--------------------------------------------------------

  ALTER TABLE "RTEST"."CLASS_LIST" ADD CONSTRAINT "CL_PK" PRIMARY KEY ("TRIMISTER", "DAY", "COURSE_SHORT", "COURSE_CODE", "ROOM_NO", "TEACHER_CODE", "BATCH", "CLASS_TIME_SLOT")
  USING INDEX PCTFREE 10 INITRANS 2 MAXTRANS 255 COMPUTE STATISTICS 
  STORAGE(INITIAL 65536 NEXT 1048576 MINEXTENTS 1 MAXEXTENTS 2147483645
  PCTINCREASE 0 FREELISTS 1 FREELIST GROUPS 1 BUFFER_POOL DEFAULT FLASH_CACHE DEFAULT CELL_FLASH_CACHE DEFAULT)
  TABLESPACE "USERS"  ENABLE;
--------------------------------------------------------
--  Constraints for Table CLASS_TIME_SLOTS
--------------------------------------------------------

  ALTER TABLE "RTEST"."CLASS_TIME_SLOTS" ADD PRIMARY KEY ("CLASS_TIME_SLOT")
  USING INDEX PCTFREE 10 INITRANS 2 MAXTRANS 255 COMPUTE STATISTICS 
  STORAGE(INITIAL 65536 NEXT 1048576 MINEXTENTS 1 MAXEXTENTS 2147483645
  PCTINCREASE 0 FREELISTS 1 FREELIST GROUPS 1 BUFFER_POOL DEFAULT FLASH_CACHE DEFAULT CELL_FLASH_CACHE DEFAULT)
  TABLESPACE "USERS"  ENABLE;
  ALTER TABLE "RTEST"."CLASS_TIME_SLOTS" MODIFY ("CLASS_TIME_SLOT" NOT NULL ENABLE);
--------------------------------------------------------
--  Constraints for Table DAY_LIST
--------------------------------------------------------

  ALTER TABLE "RTEST"."DAY_LIST" ADD PRIMARY KEY ("DAY")
  USING INDEX PCTFREE 10 INITRANS 2 MAXTRANS 255 COMPUTE STATISTICS 
  STORAGE(INITIAL 65536 NEXT 1048576 MINEXTENTS 1 MAXEXTENTS 2147483645
  PCTINCREASE 0 FREELISTS 1 FREELIST GROUPS 1 BUFFER_POOL DEFAULT FLASH_CACHE DEFAULT CELL_FLASH_CACHE DEFAULT)
  TABLESPACE "USERS"  ENABLE;
  ALTER TABLE "RTEST"."DAY_LIST" MODIFY ("DAY" NOT NULL ENABLE);
--------------------------------------------------------
--  Constraints for Table COURSE_LIST
--------------------------------------------------------

  ALTER TABLE "RTEST"."COURSE_LIST" ADD PRIMARY KEY ("COURSE_CODE")
  USING INDEX PCTFREE 10 INITRANS 2 MAXTRANS 255 COMPUTE STATISTICS 
  STORAGE(INITIAL 65536 NEXT 1048576 MINEXTENTS 1 MAXEXTENTS 2147483645
  PCTINCREASE 0 FREELISTS 1 FREELIST GROUPS 1 BUFFER_POOL DEFAULT FLASH_CACHE DEFAULT CELL_FLASH_CACHE DEFAULT)
  TABLESPACE "USERS"  ENABLE;
  ALTER TABLE "RTEST"."COURSE_LIST" MODIFY ("COURSE_CODE" NOT NULL ENABLE);
  ALTER TABLE "RTEST"."COURSE_LIST" MODIFY ("COURSE_SHORT" NOT NULL ENABLE);
  ALTER TABLE "RTEST"."COURSE_LIST" MODIFY ("COURSE_TITLE" NOT NULL ENABLE);
--------------------------------------------------------
--  Constraints for Table BATCH_LIST
--------------------------------------------------------

  ALTER TABLE "RTEST"."BATCH_LIST" ADD PRIMARY KEY ("BATCH")
  USING INDEX PCTFREE 10 INITRANS 2 MAXTRANS 255 COMPUTE STATISTICS 
  STORAGE(INITIAL 65536 NEXT 1048576 MINEXTENTS 1 MAXEXTENTS 2147483645
  PCTINCREASE 0 FREELISTS 1 FREELIST GROUPS 1 BUFFER_POOL DEFAULT FLASH_CACHE DEFAULT CELL_FLASH_CACHE DEFAULT)
  TABLESPACE "USERS"  ENABLE;
  ALTER TABLE "RTEST"."BATCH_LIST" MODIFY ("BATCH" NOT NULL ENABLE);
--------------------------------------------------------
--  Constraints for Table LAB_TIME_SLOTS
--------------------------------------------------------

  ALTER TABLE "RTEST"."LAB_TIME_SLOTS" ADD PRIMARY KEY ("LAB_TIME_SLOT")
  USING INDEX PCTFREE 10 INITRANS 2 MAXTRANS 255 COMPUTE STATISTICS 
  STORAGE(INITIAL 65536 NEXT 1048576 MINEXTENTS 1 MAXEXTENTS 2147483645
  PCTINCREASE 0 FREELISTS 1 FREELIST GROUPS 1 BUFFER_POOL DEFAULT FLASH_CACHE DEFAULT CELL_FLASH_CACHE DEFAULT)
  TABLESPACE "USERS"  ENABLE;
  ALTER TABLE "RTEST"."LAB_TIME_SLOTS" MODIFY ("LAB_TIME_SLOT" NOT NULL ENABLE);
